,US Dollar,1.00 USD,inv. 1.00 USD
0,Argentine Peso,350.057579,0.002857
1,Australian Dollar,1.549936,0.645188
2,Bahraini Dinar,0.376,2.659574
3,Botswana Pula,13.503396,0.074055
4,Brazilian Real,4.934641,0.202649
5,Bruneian Dollar,1.354191,0.738448
6,Bulgarian Lev,1.814478,0.551123
7,Canadian Dollar,1.360018,0.735284
8,Chilean Peso,852.865746,0.001173
9,Chinese Yuan Renminbi,7.261153,0.137719
